ID,Label
0,17
1,21
2,6
3,1
4,16
5,10
6,5
7,4
8,21
9,3
10,21
11,14
12,23
13,2
14,10
15,7
16,5
17,14
18,21
19,8
20,4
21,18
22,23
23,13
24,3
25,7
26,8
27,13
28,15
29,4
30,16
31,3
32,17
33,12
34,15
35,21
36,1
37,13
38,16
39,24
40,23
41,2
42,7
43,8
44,24
45,1
46,12
47,23
48,3
49,0
50,15
51,13
52,15
53,13
54,5
55,11
56,1
57,7
58,7
59,24
60,1
61,23
62,0
63,8
64,19
65,10
66,14
67,3
68,7
69,14
70,12
71,18
72,6
73,3
74,15
75,4
76,10
77,4
78,15
79,5
80,6
81,10
82,1
83,2
84,15
85,20
86,18
87,12
88,6
89,5
90,11
91,5
92,1
93,21
94,8
95,23
96,24
97,10
98,7
99,19
100,12
101,24
102,1
103,15
104,4
105,10
106,21
107,16
108,1
109,24
110,12
111,24
112,1
113,22
114,19
115,4
116,23
117,10
118,12
119,3
120,12
121,16
122,8
123,19
124,17
125,14
126,7
127,3
128,8
129,20
130,24
131,7
132,4
133,10
134,6
135,0
136,15
137,1
138,14
139,14
140,24
141,6
142,14
143,12
144,18
145,21
146,10
147,6
148,1
149,24
150,1
151,10
152,2
153,19
154,12
155,15
156,8
157,7
158,13
159,2
160,4
161,1
162,4
163,4
164,8
165,21
166,0
167,0
168,0
169,1
170,17
171,21
172,16
173,2
174,23
175,14
176,3
177,15
178,12
179,2
180,5
181,5
182,21
183,21
184,13
185,15
186,18
187,7
188,3
189,1
190,7
191,10
192,24
193,4
194,3
195,13
196,19
197,20
198,4
199,1
200,8
201,3
202,20
203,18
204,15
205,7
206,4
207,1
208,24
209,2
210,8
211,4
212,24
213,6
214,1
215,4
216,7
217,24
218,10
219,18
220,20
221,1
222,6
223,21
224,23
225,11
226,23
227,2
228,15
229,3
230,23
231,14
232,24
233,19
234,15
235,10
236,24
237,13
238,7
239,21
240,18
241,12
242,0
243,23
244,21
245,5
246,10
247,4
248,3
249,17
250,14
251,7
252,8
253,23
254,20
255,19
256,12
257,22
258,0
259,7
260,4
261,10
262,4
263,4
264,1
265,11
266,14
267,20
268,21
269,3
270,4
271,24
272,11
273,1
274,20
275,22
276,7
277,11
278,1
279,15
280,12
281,24
282,10
283,0
284,7
285,19
286,7
287,22
288,18
289,1
290,2
291,14
292,21
293,12
294,18
295,1
296,15
297,22
298,7
299,21
300,15
301,6
302,12
303,5
304,22
305,1
306,4
307,18
308,24
309,14
310,18
311,21
312,13
313,7
314,21
315,18
316,11
317,7
318,3
319,17
320,4
321,0
322,4
323,1
324,6
325,19
326,17
327,16
328,12
329,0
330,20
331,2
332,10
333,21
334,2
335,2
336,19
337,13
338,23
339,5
340,2
341,23
342,0
343,15
344,1
345,20
346,21
347,1
348,4
349,0
350,12
351,21
352,24
353,24
354,22
355,24
356,7
357,1
358,12
359,22
360,16
361,12
362,12
363,13
364,1
365,24
366,1
367,1
368,8
369,21
370,10
371,15
372,5
373,15
374,23
375,12
376,8
377,0
378,4
379,12
380,4
381,4
382,23
383,5
384,8
385,7
386,19
387,1
388,23
389,15
390,4
391,14
392,19
393,12
394,4
395,23
396,3
397,11
398,11
399,5
400,0
401,6
402,15
403,18
404,6
405,12
406,8
407,14
408,2
409,3
410,21
411,17
412,6
413,2
414,18
415,7
416,24
417,5
418,19
419,4
420,4
421,15
422,17
423,3
424,4
425,15
426,16
427,12
428,10
429,17
430,0
431,7
432,21
433,18
434,4
435,23
436,8
437,1
438,7
439,22
440,10
441,2
442,17
443,23
444,7
445,23
446,8
447,8
448,2
449,2
450,11
451,2
452,4
453,16
454,4
455,22
456,0
457,6
458,0
459,23
460,4
461,6
462,13
463,4
464,20
465,7
466,1
467,5
468,21
469,7
470,6
471,15
472,8
473,14
474,17
475,15
476,0
477,11
478,22
479,12
480,13
481,21
482,12
483,7
484,18
485,12
486,20
487,1
488,16
489,15
490,8
491,15
492,23
493,19
494,15
495,21
496,7
497,21
498,21
499,0
500,13
501,12
502,6
503,13
504,12
505,5
506,3
507,5
508,18
509,13
510,4
511,10
512,7
513,11
514,13
515,3
516,11
517,12
518,7
519,4
520,4
521,5
522,12
523,1
524,11
525,6
526,24
527,4
528,2
529,8
530,4
531,8
532,10
533,3
534,0
535,23
536,4
537,10
538,4
539,19
540,20
541,12
542,11
543,15
544,12
545,15
546,18
547,21
548,3
549,4
550,10
551,5
552,18
553,8
554,3
555,7
556,2
557,1
558,8
559,0
560,4
561,6
562,15
563,15
564,4
565,15
566,5
567,3
568,5
569,24
570,4
571,8
572,20
573,10
574,15
575,16
576,20
577,12
578,21
579,23
580,7
581,4
582,15
583,12
584,7
585,24
586,6
587,7
588,23
589,15
590,1
591,4
592,15
593,13
594,13
595,0
596,19
597,6
598,1
599,20
600,10
601,7
602,20
603,3
604,1
605,6
606,10
607,20
608,12
609,23
610,7
611,2
612,15
613,21
614,6
615,6
616,3
617,0
618,18
619,20
620,24
621,5
622,4
623,4
624,15
625,7
626,4
627,19
628,12
629,8
630,11
631,1
632,19
633,19
634,7
635,1
636,3
637,18
638,6
639,15
640,5
641,24
642,21
643,3
644,22
645,19
646,5
647,24
648,10
649,0
650,1
651,7
652,18
653,24
654,6
655,12
656,14
657,22
658,1
659,1
660,19
661,15
662,4
663,21
664,11
665,6
666,3
667,18
668,8
669,7
670,2
671,12
672,13
673,0
674,13
675,24
676,13
677,2
678,12
679,14
680,23
681,15
682,6
683,4
684,20
685,24
686,1
687,24
688,0
689,5
690,7
691,23
692,2
693,22
694,6
695,21
696,6
697,21
698,22
699,13
700,10
701,24
702,7
703,15
704,11
705,12
706,7
707,20
708,3
709,8
710,1
711,1
712,3
713,1
714,4
715,0
716,19
717,6
718,15
719,11
720,7
721,13
722,15
723,0
724,10
725,18
726,0
727,7
728,20
729,5
730,5
731,4
732,23
733,1
734,17
735,4
736,20
737,7
738,5
739,4
740,7
741,23
742,4
743,15
744,20
745,10
746,21
747,15
748,10
749,3
750,8
751,7
752,7
753,4
754,1
755,6
756,8
757,21
758,2
759,22
760,1
761,18
762,1
763,14
764,16
765,14
766,2
767,18
768,3
769,5
770,12
771,7
772,1
773,1
774,24
775,13
776,7
777,14
778,21
779,6
780,19
781,18
782,4
783,1
784,21
785,4
786,4
787,6
788,13
789,3
790,15
791,0
792,8
793,0
794,14
795,12
796,7
797,21
798,8
799,12
800,20
801,2
802,1
803,19
804,2
805,24
806,21
807,8
808,24
809,3
810,12
811,0
812,6
813,1
814,11
815,21
816,14
817,14
818,0
819,11
820,24
821,13
822,19
823,24
824,1
825,5
826,16
827,0
828,0
829,6
830,22
831,10
832,1
833,4
834,5
835,7
836,5
837,16
838,4
839,11
840,14
841,0
842,12
843,24
844,22
845,7
846,15
847,18
848,16
849,2
850,22
851,1
852,5
853,24
854,4
855,8
856,15
857,3
858,21
859,6
860,0
861,4
862,21
863,7
864,24
865,23
866,14
867,11
868,11
869,1
870,10
871,10
872,15
873,1
874,5
875,24
876,0
877,21
878,20
879,5
880,22
881,3
882,6
883,7
884,5
885,20
886,10
887,4
888,6
889,12
890,12
891,5
892,23
893,6
894,20
895,4
896,14
897,10
898,10
899,15
900,3
901,0
902,6
903,7
904,1
905,10
906,20
907,21
908,6
909,15
910,19
911,10
912,10
913,1
914,0
915,13
916,0
917,1
918,14
919,5
920,19
921,16
922,2
923,18
924,20
925,3
926,2
927,1
928,15
929,7
930,4
931,2
932,2
933,0
934,24
935,4
936,13
937,4
938,18
939,14
940,20
941,21
942,16
943,0
944,18
945,24
946,18
947,18
948,3
949,4
950,8
951,24
952,24
953,3
954,13
955,4
956,1
957,7
958,6
959,21
960,14
961,11
962,21
963,0
964,24
965,16
966,7
967,24
968,24
969,11
970,1
971,4
972,20
973,7
974,11
975,3
976,4
977,10
978,21
979,0
980,8
981,7
982,15
983,12
984,2
985,4
986,3
987,16
988,15
989,22
990,10
991,19
992,4
993,13
994,0
995,4
996,1
997,12
998,20
999,5
1000,17
1001,11
1002,0
1003,4
1004,21
1005,2
1006,1
1007,17
1008,4
1009,3
1010,20
1011,2
1012,3
1013,13
1014,23
1015,15
1016,4
1017,5
1018,1
1019,4
1020,21
1021,10
1022,22
1023,23
1024,16
1025,11
1026,21
1027,16
1028,16
1029,4
1030,20
1031,14
1032,24
1033,5
1034,14
1035,7
1036,2
1037,21
1038,5
1039,0
1040,24
1041,18
1042,23
1043,15
1044,20
1045,4
1046,12
1047,0
1048,15
1049,5
1050,1
1051,12
1052,22
1053,24
1054,14
1055,1
1056,11
1057,1
1058,7
1059,13
1060,19
1061,7
1062,16
1063,22
1064,6
1065,4
1066,12
1067,2
1068,1
1069,13
1070,3
1071,12
1072,18
1073,3
1074,24
1075,7
1076,16
1077,19
1078,7
1079,3
1080,14
1081,21
1082,24
1083,3
1084,8
1085,24
1086,21
1087,4
1088,21
1089,21
1090,4
1091,4
1092,19
1093,0
1094,0
1095,15
1096,23
1097,0
1098,1
1099,18
1100,24
1101,15
1102,15
1103,5
1104,11
1105,8
1106,20
1107,7
1108,14
1109,14
1110,1
1111,4
1112,24
1113,5
1114,14
1115,24
1116,21
1117,1
1118,24
1119,3
1120,19
1121,2
1122,20
1123,8
1124,20
1125,2
1126,4
1127,2
1128,8
1129,10
1130,1
1131,24
1132,10
1133,21
1134,24
1135,15
1136,6
1137,11
1138,19
1139,2
1140,10
1141,10
1142,3
1143,20
1144,2
1145,5
1146,14
1147,7
1148,24
1149,3
1150,23
1151,24
1152,4
1153,24
1154,20
1155,7
1156,1
1157,15
1158,12
1159,23
1160,14
1161,7
1162,3
1163,2
1164,3
1165,0
1166,7
1167,21
1168,10
1169,7
1170,18
1171,18
1172,1
1173,5
1174,16
1175,24
1176,1
1177,11
1178,1
1179,13
1180,21
1181,7
1182,4
1183,5
1184,7
1185,8
1186,11
1187,3
1188,19
1189,0
1190,15
1191,15
1192,5
1193,4
1194,10
1195,16
1196,15
1197,6
1198,18
1199,4
1200,24
1201,6
1202,10
1203,15
1204,21
1205,23
1206,11
1207,4
1208,21
1209,14
1210,13
1211,21
1212,15
1213,23
1214,10
1215,16
1216,13
1217,6
1218,15
1219,5
1220,10
1221,16
1222,16
1223,14
1224,2
1225,17
1226,10
1227,13
1228,12
1229,1
1230,22
1231,20
1232,5
1233,19
1234,8
1235,5
1236,12
1237,4
1238,17
1239,7
1240,3
1241,4
1242,1
1243,1
1244,12
1245,21
1246,1
1247,13
1248,13
1249,4
1250,20
1251,11
1252,7
1253,23
1254,21
1255,13
1256,2
1257,22
1258,19
1259,21
1260,8
1261,4
1262,20
1263,0
1264,11
1265,11
1266,20
1267,14
1268,23
1269,15
1270,3
1271,11
1272,4
1273,24
1274,3
1275,15
1276,4
1277,18
1278,21
1279,3
1280,1
1281,2
1282,7
1283,1
1284,6
1285,1
1286,18
1287,10
1288,20
1289,1
1290,4
1291,10
1292,7
1293,14
1294,1
1295,20
1296,6
1297,2
1298,24
1299,24
1300,2
1301,13
1302,12
1303,4
1304,11
1305,6
1306,23
1307,0
1308,20
1309,20
1310,4
1311,2
1312,12
1313,15
1314,16
1315,19
1316,7
1317,21
1318,3
1319,13
1320,24
1321,4
1322,15
1323,14
1324,0
1325,0
1326,15
1327,16
1328,11
1329,12
1330,1
1331,0
1332,0
1333,10
1334,15
1335,16
1336,0
1337,2
1338,18
1339,1
1340,8
1341,14
1342,15
1343,24
1344,0
1345,1
1346,4
1347,20
1348,3
1349,4
1350,4
1351,16
1352,0
1353,23
1354,7
1355,22
1356,19
1357,12
1358,6
1359,6
1360,22
1361,23
1362,24
1363,3
1364,17
1365,0
1366,21
1367,18
1368,3
1369,24
1370,24
1371,0
1372,6
1373,0
1374,0
1375,10
1376,22
1377,10
1378,1
1379,13
1380,15
1381,12
1382,22
1383,7
1384,1
1385,7
1386,17
1387,1
1388,21
1389,7
1390,21
1391,21
1392,16
1393,24
1394,3
1395,13
1396,22
1397,4
1398,11
1399,4
1400,4
1401,16
1402,21
1403,15
1404,20
1405,19
1406,24
1407,11
1408,16
1409,1
1410,21
1411,6
1412,6
1413,12
1414,5
1415,5
1416,8
1417,22
1418,21
1419,14
1420,8
1421,20
1422,5
1423,2
1424,4
1425,7
1426,4
1427,15
1428,24
1429,7
1430,3
1431,3
1432,24
1433,5
1434,24
1435,22
1436,7
1437,23
1438,1
1439,8
1440,24
1441,14
1442,5
1443,15
1444,2
1445,1
1446,21
1447,12
1448,7
1449,21
1450,3
1451,1
1452,11
1453,21
1454,21
1455,7
1456,13
1457,3
1458,15
1459,24
1460,21
1461,4
1462,10
1463,14
1464,15
1465,10
1466,3
1467,14
1468,16
1469,2
1470,18
1471,12
1472,4
1473,7
1474,7
1475,13
1476,19
1477,12
1478,6
1479,23
1480,6
1481,7
1482,18
1483,23
1484,14
1485,19
1486,4
1487,4
1488,13
1489,18
1490,21
1491,19
1492,1
1493,19
1494,14
1495,4
1496,22
1497,22
1498,10
1499,7
1500,3
1501,0
1502,1
1503,24
1504,5
1505,20
1506,21
1507,0
1508,12
1509,19
1510,13
1511,8
1512,1
1513,10
1514,0
1515,1
1516,7
1517,7
1518,11
1519,13
1520,18
1521,2
1522,11
1523,15
1524,20
1525,14
1526,11
1527,18
1528,20
1529,8
1530,7
1531,12
1532,22
1533,21
1534,15
1535,1
1536,10
1537,14
1538,0
1539,10
1540,7
1541,4
1542,24
1543,24
1544,22
1545,12
1546,10
1547,23
1548,3
1549,12
1550,19
1551,13
1552,15
1553,11
1554,18
1555,4
1556,1
1557,7
1558,0
1559,22
1560,7
1561,21
1562,22
1563,24
1564,10
1565,7
1566,13
1567,1
1568,7
1569,11
1570,15
1571,14
1572,11
1573,15
1574,21
1575,23
1576,7
1577,8
1578,23
1579,14
1580,15
1581,1
1582,16
1583,0
1584,7
1585,5
1586,15
1587,13
1588,16
1589,22
1590,18
1591,3
1592,7
1593,24
1594,11
1595,11
1596,1
1597,1
1598,1
1599,14
1600,14
1601,10
1602,12
1603,19
1604,20
1605,7
1606,0
1607,14
1608,15
1609,17
1610,5
1611,6
1612,7
1613,2
1614,7
1615,22
1616,17
1617,0
1618,12
1619,21
1620,19
1621,0
1622,4
1623,21
1624,6
1625,2
1626,24
1627,22
1628,10
1629,12
1630,13
1631,21
1632,23
1633,15
1634,5
1635,23
1636,2
1637,24
1638,7
1639,22
1640,8
1641,13
1642,5
1643,10
1644,10
1645,5
1646,7
1647,0
1648,1
1649,1
1650,22
1651,12
1652,8
1653,22
1654,13
1655,15
1656,5
1657,21
1658,7
1659,2
1660,23
1661,21
1662,7
1663,14
1664,23
1665,7
1666,15
1667,7
1668,13
1669,1
1670,4
1671,11
1672,3
1673,12
1674,18
1675,8
1676,1
1677,12
1678,4
1679,18
1680,4
1681,2
1682,10
1683,12
1684,5
1685,21
1686,23
1687,17
1688,4
1689,15
1690,7
1691,20
1692,8
1693,12
1694,10
1695,1
1696,24
1697,15
1698,4
1699,13
1700,17
1701,16
1702,20
1703,1
1704,24
1705,14
1706,4
1707,11
1708,3
1709,24
1710,5
1711,18
1712,4
1713,6
1714,16
1715,18
1716,4
1717,20
1718,4
1719,1
1720,3
1721,3
1722,0
1723,24
1724,12
1725,2
1726,21
1727,21
1728,6
1729,12
1730,4
1731,21
1732,16
1733,1
1734,7
1735,4
1736,20
1737,4
1738,3
1739,21
1740,1
1741,10
1742,17
1743,0
1744,0
1745,4
1746,19
1747,13
1748,2
1749,23
1750,13
1751,24
1752,7
1753,23
1754,10
1755,4
1756,2
1757,22
1758,20
1759,15
1760,17
1761,14
1762,1
1763,13
1764,4
1765,1
1766,18
1767,6
1768,1
1769,2
1770,13
1771,8
1772,10
1773,22
1774,16
1775,2
1776,22
1777,1
1778,15
1779,23
1780,12
1781,5
1782,16
1783,16
1784,7
1785,4
1786,2
1787,1
1788,21
1789,14
1790,4
1791,1
1792,4
1793,5
1794,11
1795,24
1796,1
1797,7
1798,8
1799,2
1800,3
1801,24
1802,0
1803,11
1804,18
1805,4
1806,15
1807,16
1808,11
1809,16
1810,4
1811,23
1812,0
1813,21
1814,17
1815,2
1816,7
1817,17
1818,12
1819,2
1820,5
1821,21
1822,12
1823,21
1824,7
1825,18
1826,12
1827,13
1828,20
1829,4
1830,5
1831,23
1832,24
1833,18
1834,24
1835,8
1836,7
1837,7
1838,22
1839,20
1840,2
1841,0
1842,2
1843,22
1844,8
1845,4
1846,23
1847,4
1848,8
1849,18
1850,8
1851,14
1852,8
1853,18
1854,4
1855,24
1856,14
1857,2
1858,2
1859,8
1860,6
1861,24
1862,4
1863,18
1864,16
1865,23
1866,23
1867,2
1868,1
1869,15
1870,3
1871,3
1872,10
1873,19
1874,12
1875,11
1876,10
1877,4
1878,16
1879,15
1880,18
1881,12
1882,0
1883,4
1884,11
1885,4
1886,2
1887,7
1888,6
1889,23
1890,5
1891,22
1892,18
1893,23
1894,1
1895,22
1896,21
1897,15
1898,6
1899,13
1900,6
1901,21
1902,1
1903,22
1904,14
1905,6
1906,19
1907,19
1908,12
1909,24
1910,8
1911,0
1912,3
1913,12
1914,12
1915,24
1916,1
1917,1
1918,1
1919,22
1920,23
1921,20
1922,13
1923,18
1924,7
1925,2
1926,4
1927,0
1928,0
1929,7
1930,11
1931,6
1932,24
1933,3
1934,13
1935,19
1936,15
1937,3
1938,21
1939,4
1940,23
1941,5
1942,11
1943,3
1944,6
1945,12
1946,4
1947,22
1948,15
1949,1
1950,16
1951,7
1952,19
1953,6
1954,5
1955,2
1956,12
1957,12
1958,16
1959,5
1960,18
1961,12
1962,2
1963,6
1964,3
1965,8
1966,0
1967,17
1968,4
1969,17
1970,6
1971,8
1972,7
1973,21
1974,22
1975,12
1976,2
1977,24
1978,16
1979,22
1980,7
1981,5
1982,24
1983,4
1984,11
1985,3
1986,2
1987,16
1988,11
1989,16
1990,21
1991,24
1992,14
1993,24
1994,17
1995,1
1996,13
1997,19
1998,21
1999,16
2000,4
2001,16
2002,13
2003,20
2004,21
2005,4
2006,12
2007,23
2008,4
2009,12
2010,23
2011,11
2012,2
2013,15
2014,6
2015,15
2016,19
2017,16
2018,7
2019,13
2020,23
2021,17
2022,5
2023,2
2024,21
2025,19
2026,10
2027,22
2028,10
2029,1
2030,20
2031,5
2032,4
2033,7
2034,20
2035,2
2036,3
2037,6
2038,21
2039,15
2040,4
2041,7
2042,0
2043,14
2044,21
2045,12
2046,14
2047,20
2048,21
2049,11
2050,7
2051,22
2052,10
2053,11
2054,4
2055,3
2056,14
2057,1
2058,10
2059,24
2060,22
2061,24
2062,4
2063,5
2064,21
2065,23
2066,20
2067,16
2068,2
2069,16
2070,6
2071,23
2072,7
2073,19
2074,2
2075,4
2076,23
2077,15
2078,7
2079,16
2080,24
2081,0
2082,22
2083,11
2084,12
2085,24
2086,6
2087,5
2088,11
2089,12
2090,4
2091,4
2092,3
2093,6
2094,0
2095,23
2096,8
2097,7
2098,1
2099,7
2100,7
2101,0
2102,6
2103,4
2104,6
2105,5
2106,23
2107,1
2108,21
2109,8
2110,20
2111,20
2112,2
2113,0
2114,4
2115,10
2116,24
2117,7
2118,21
2119,24
2120,18
2121,4
2122,5
2123,5
2124,4
2125,17
2126,21
2127,11
2128,5
2129,2
2130,19
2131,20
2132,3
2133,24
2134,19
2135,7
2136,1
2137,1
2138,14
2139,13
2140,19
2141,2
2142,2
2143,3
2144,12
2145,23
2146,14
2147,7
2148,6
2149,18
2150,6
2151,22
2152,2
2153,11
2154,11
2155,23
2156,14
2157,0
2158,2
2159,5
2160,12
2161,6
2162,13
2163,12
2164,6
2165,17
2166,21
2167,4
2168,20
2169,20
2170,11
2171,13
2172,15
2173,10
2174,4
2175,16
2176,5
2177,2
2178,22
2179,21
2180,13
2181,1
2182,6
2183,23
2184,23
2185,21
2186,8
2187,7
2188,22
2189,13
2190,24
2191,21
2192,3
2193,17
2194,22
2195,12
2196,18
2197,20
2198,18
2199,5
2200,1
2201,13
2202,4
2203,19
2204,3
2205,11
2206,4
2207,0
2208,4
2209,4
2210,10
2211,16
2212,2
2213,13
2214,12
2215,10
2216,4
2217,18
2218,16
2219,7
2220,7
2221,20
2222,20
2223,14
2224,1
2225,3
2226,7
2227,2
2228,1
2229,20
2230,15
2231,15
2232,24
2233,7
2234,1
2235,12
2236,13
2237,4
2238,20
2239,7
2240,6
2241,15
2242,15
2243,15
2244,22
2245,13
2246,4
2247,24
2248,1
2249,10
2250,20
2251,24
2252,8
2253,15
2254,8
2255,7
2256,10
2257,10
2258,10
2259,19
2260,16
2261,11
2262,20
2263,7
2264,24
2265,14
2266,7
2267,11
2268,5
2269,2
2270,10
2271,4
2272,21
2273,16
2274,23
2275,21
2276,19
2277,2
2278,10
2279,15
2280,2
2281,4
2282,10
2283,19
2284,5
2285,21
2286,13
2287,14
2288,13
2289,16
2290,12
2291,20
2292,15
2293,2
2294,20
2295,4
2296,7
2297,12
2298,1
2299,15
2300,0
2301,14
2302,1
2303,17
2304,4
2305,7
2306,4
2307,3
2308,21
2309,1
2310,20
2311,21
2312,5
2313,4
2314,11
2315,4
2316,10
2317,1
2318,15
2319,19
2320,8
2321,20
2322,4
2323,5
2324,23
2325,23
2326,2
2327,4
2328,15
2329,5
2330,24
2331,12
2332,24
2333,4
2334,14
2335,15
2336,15
2337,23
2338,23
2339,13
2340,5
2341,4
2342,2
2343,0
2344,12
2345,23
2346,7
2347,10
2348,11
2349,21
2350,19
2351,7
2352,16
2353,10
2354,15
2355,22
2356,0
2357,16
2358,3
2359,11
2360,14
2361,8
2362,21
2363,4
2364,11
2365,5
2366,4
2367,20
2368,23
2369,20
2370,13
2371,15
2372,1
2373,11
2374,7
2375,24
2376,4
2377,11
2378,4
2379,11
2380,1
2381,1
2382,2
2383,8
2384,4
2385,10
2386,23
2387,13
2388,1
2389,10
2390,23
2391,12
2392,20
2393,4
2394,12
2395,4
2396,12
2397,10
2398,20
2399,1
2400,22
2401,5
2402,13
2403,22
2404,23
2405,8
2406,18
2407,16
2408,24
2409,12
2410,12
2411,24
2412,7
2413,3
2414,21
2415,8
2416,1
2417,24
2418,15
2419,8
2420,24
2421,24
2422,0
2423,19
2424,0
2425,22
2426,20
2427,8
2428,23
2429,7
2430,7
2431,0
2432,4
2433,24
2434,14
2435,13
2436,13
2437,18
2438,20
2439,12
2440,0
2441,13
2442,10
2443,7
2444,24
2445,16
2446,3
2447,20
2448,22
2449,23
2450,3
2451,21
2452,8
2453,15
2454,12
2455,0
2456,4
2457,2
2458,8
2459,6
2460,4
2461,7
2462,3
2463,11
2464,13
2465,19
2466,2
2467,7
2468,4
2469,23
2470,12
2471,15
2472,20
2473,7
2474,24
2475,13
2476,4
2477,20
2478,0
2479,0
2480,5
2481,5
2482,11
2483,24
2484,23
2485,10
2486,0
2487,7
2488,7
2489,7
2490,6
2491,15
2492,11
2493,1
2494,15
2495,7
2496,7
2497,7
2498,24
2499,4
2500,1
2501,14
2502,0
2503,15
2504,1
2505,2
2506,7
2507,11
2508,22
2509,18
2510,1
2511,14
2512,19
2513,20
2514,12
2515,7
2516,4
2517,10
2518,11
2519,12
2520,1
2521,10
2522,10
2523,24
2524,14
2525,6
2526,24
2527,6
2528,13
2529,7
2530,7
2531,18
2532,14
2533,7
2534,4
2535,23
2536,17
2537,12
2538,19
2539,5
2540,0
2541,3
2542,7
2543,23
2544,4
2545,7
2546,17
2547,4
2548,1
2549,4
2550,14
2551,24
2552,20
2553,14
2554,0
2555,0
2556,3
2557,12
2558,16
2559,8
2560,2
2561,19
2562,5
2563,4
2564,11
2565,7
2566,13
2567,14
2568,3
2569,10
2570,2
2571,4
2572,10
2573,20
2574,19
2575,2
2576,15
2577,10
2578,10
2579,3
2580,12
2581,4
2582,18
2583,4
2584,22
2585,21
2586,16
2587,2
2588,4
2589,4
2590,4
2591,3
2592,14
2593,12
2594,0
2595,18
2596,12
2597,4
2598,4
2599,13
2600,4
2601,5
2602,3
2603,17
2604,15
2605,7
2606,16
2607,20
2608,24
2609,20
2610,13
2611,14
2612,4
2613,7
2614,0
2615,16
2616,4
2617,2
2618,4
2619,24
2620,18
2621,23
2622,13
2623,0
2624,4
2625,4
2626,7
2627,12
2628,0
2629,15
2630,22
2631,4
2632,5
2633,3
2634,21
2635,12
2636,10
2637,6
2638,0
2639,15
2640,4
2641,2
2642,7
2643,23
2644,4
2645,8
2646,3
2647,22
2648,6
2649,24
2650,8
2651,20
2652,8
2653,3
2654,7
2655,3
2656,4
2657,7
2658,24
2659,11
2660,23
2661,14
2662,0
2663,13
2664,16
2665,24
2666,2
2667,12
2668,8
2669,20
2670,7
2671,18
2672,7
2673,23
2674,2
2675,4
2676,18
2677,20
2678,1
2679,18
2680,11
2681,4
2682,4
2683,6
2684,7
2685,18
2686,2
2687,13
2688,13
2689,17
2690,19
2691,10
2692,20
2693,2
2694,15
2695,4
2696,24
2697,3
2698,12
2699,15
2700,20
2701,0
2702,4
2703,13
2704,3
2705,15
2706,15
2707,1
2708,1
2709,20
2710,21
2711,8
2712,2
2713,20
2714,13
2715,7
2716,3
2717,21
2718,15
2719,16
2720,4
2721,13
2722,4
2723,24
2724,4
2725,12
2726,10
2727,12
2728,0
2729,2
2730,1
2731,16
2732,24
2733,4
2734,10
2735,23
2736,22
2737,7
2738,1
2739,19
2740,6
2741,7
2742,2
2743,15
2744,2
2745,10
2746,1
2747,12
2748,14
2749,20
2750,0
2751,1
2752,23
2753,16
2754,4
2755,10
2756,0
2757,1
2758,0
2759,4
2760,8
2761,6
2762,13
2763,1
2764,20
2765,4
2766,2
2767,7
2768,1
2769,7
2770,20
2771,17
2772,15
2773,20
2774,21
2775,11
2776,0
2777,2
2778,21
2779,21
2780,11
2781,10
2782,12
2783,13
2784,0
2785,20
2786,4
2787,20
2788,20
2789,22
2790,21
2791,10
2792,10
2793,22
2794,12
2795,21
2796,1
2797,1
2798,17
2799,14
2800,4
2801,4
2802,18
2803,17
2804,24
2805,0
2806,13
2807,21
2808,4
2809,20
2810,14
2811,15
2812,10
2813,6
2814,1
2815,24
2816,19
2817,6
2818,7
2819,2
2820,11
2821,0
2822,1
2823,14
2824,13
2825,22
2826,12
2827,13
2828,10
2829,7
2830,21
2831,12
2832,20
2833,2
2834,16
2835,21
2836,21
2837,13
2838,12
2839,8
2840,2
2841,7
2842,5
2843,21
2844,8
2845,6
2846,21
2847,12
2848,2
2849,10
2850,21
2851,24
2852,2
2853,16
2854,0
2855,18
2856,10
2857,24
2858,1
2859,15
2860,19
2861,17
2862,17
2863,20
2864,1
2865,10
2866,11
2867,0
2868,10
2869,0
2870,13
2871,13
2872,24
2873,11
2874,13
2875,5
2876,20
2877,3
2878,7
2879,0
2880,23
2881,1
2882,15
2883,10
2884,3
2885,3
2886,24
2887,16
2888,3
2889,24
2890,20
2891,21
2892,4
2893,21
2894,3
2895,18
2896,12
2897,22
2898,5
2899,10
2900,2
2901,12
2902,20
2903,1
2904,4
2905,11
2906,11
2907,0
2908,3
2909,10
2910,20
2911,10
2912,23
2913,10
2914,24
2915,5
2916,22
2917,21
2918,6
2919,7
2920,15
2921,2
2922,21
2923,12
2924,12
2925,20
2926,10
2927,1
2928,2
2929,24
2930,24
2931,15
2932,20
2933,4
2934,16
2935,11
2936,12
2937,23
2938,22
2939,13
2940,13
2941,7
2942,10
2943,7
2944,24
2945,12
2946,1
2947,5
2948,5
2949,22
2950,7
2951,10
2952,4
2953,21
2954,5
2955,5
2956,23
2957,1
2958,3
2959,7
2960,13
2961,15
2962,7
2963,4
2964,4
2965,6
2966,5
2967,4
2968,21
2969,8
2970,18
2971,0
2972,14
2973,4
2974,0
2975,18
2976,17
2977,12
2978,4
2979,3
2980,4
2981,15
2982,18
2983,2
2984,24
2985,22
2986,12
2987,23
2988,7
2989,3
2990,22
2991,7
2992,12
2993,12
2994,6
2995,22
2996,22
2997,24
2998,11
2999,1
3000,12
3001,15
3002,15
3003,16
3004,20
3005,6
3006,21
3007,8
3008,19
3009,13
3010,15
3011,23
3012,3
3013,1
3014,7
3015,13
3016,7
3017,22
3018,20
3019,5
3020,12
3021,16
3022,13
3023,10
3024,6
3025,24
3026,7
3027,1
3028,5
3029,15
3030,16
3031,18
3032,5
3033,17
3034,23
3035,8
3036,22
3037,23
3038,24
3039,8
3040,20
3041,0
3042,23
3043,5
3044,4
3045,23
3046,5
3047,4
3048,15
3049,19
3050,12
3051,21
3052,10
3053,4
3054,3
3055,20
3056,4
3057,11
3058,13
3059,10
3060,19
3061,0
3062,17
3063,7
3064,24
3065,20
3066,11
3067,3
3068,18
3069,3
3070,1
3071,7
3072,22
3073,11
3074,1
3075,24
3076,4
3077,2
3078,7
3079,4
3080,16
3081,1
3082,15
3083,8
3084,19
3085,8
3086,12
3087,1
3088,0
3089,10
3090,8
3091,0
3092,16
3093,21
3094,6
3095,4
3096,4
3097,7
3098,16
3099,4
3100,22
3101,13
3102,10
3103,23
3104,12
3105,21
3106,19
3107,24
3108,18
3109,10
3110,13
3111,4
3112,16
3113,7
3114,12
3115,1
3116,11
3117,17
3118,0
3119,8
3120,2
3121,7
3122,4
3123,2
3124,10
3125,0
3126,16
3127,17
3128,24
3129,7
3130,2
3131,1
3132,2
3133,4
3134,14
3135,21
3136,4
3137,7
3138,4
3139,1
3140,3
3141,12
3142,23
3143,7
3144,10
3145,1
3146,2
3147,5
3148,18
3149,24
3150,7
3151,22
3152,20
3153,8
3154,20
3155,4
3156,23
3157,10
3158,1
3159,2
3160,1
3161,4
3162,7
3163,5
3164,0
3165,15
3166,11
3167,1
3168,15
3169,0
3170,1
3171,21
3172,14
3173,18
3174,14
3175,5
3176,15
3177,10
3178,2
3179,1
3180,5
3181,1
3182,0
3183,21
3184,17
3185,7
3186,2
3187,18
3188,19
3189,21
3190,19
3191,1
3192,13
3193,1
3194,1
3195,4
3196,10
3197,7
3198,10
3199,19
3200,18
3201,1
3202,20
3203,4
3204,14
3205,14
3206,13
3207,19
3208,7
3209,2
3210,17
3211,18
3212,14
3213,15
3214,18
3215,4
3216,1
3217,10
3218,5
3219,1
3220,1
3221,21
3222,19
3223,1
3224,4
3225,22
3226,7
3227,21
3228,21
3229,22
3230,11
3231,24
3232,23
3233,21
3234,19
3235,23
3236,5
3237,0
3238,1
3239,7
3240,12
3241,24
3242,13
3243,23
3244,18
3245,8
3246,5
3247,4
3248,23
3249,4
3250,1
3251,21
3252,24
3253,17
3254,12
3255,10
3256,21
3257,7
3258,21
3259,24
3260,24
3261,5
3262,12
3263,11
3264,22
3265,14
3266,2
3267,2
3268,23
3269,17
3270,23
3271,24
3272,18
3273,2
3274,17
3275,23
3276,2
3277,3
3278,11
3279,7
3280,4
3281,10
3282,23
3283,22
3284,15
3285,8
3286,21
3287,0
3288,4
3289,20
3290,11
3291,7
3292,2
3293,23
3294,11
3295,7
3296,2
3297,24
3298,1
3299,7
3300,17
3301,24
3302,21
3303,4
3304,1
3305,15
3306,8
3307,21
3308,17
3309,16
3310,5
3311,4
3312,22
3313,4
3314,13
3315,12
3316,18
3317,0
3318,7
3319,7
3320,10
3321,15
3322,5
3323,11
3324,3
3325,3
3326,7
3327,6
3328,22
3329,1
3330,22
3331,1
3332,3
3333,21
3334,4
3335,8
3336,1
3337,4
3338,12
3339,22
3340,10
3341,23
3342,18
3343,20
3344,24
3345,1
3346,4
3347,8
3348,12
3349,21
3350,17
3351,1
3352,7
3353,24
3354,7
3355,10
3356,14
3357,3
3358,16
3359,10
3360,7
3361,11
3362,6
3363,24
3364,14
3365,21
3366,1
3367,10
3368,1
3369,20
3370,8
3371,15
3372,5
3373,15
3374,3
3375,12
3376,16
3377,10
3378,20
3379,5
3380,24
3381,20
3382,5
3383,14
3384,18
3385,3
3386,8
3387,6
3388,4
3389,15
3390,4
3391,12
3392,17
3393,13
3394,10
3395,18
3396,4
3397,24
3398,24
3399,21
3400,15
3401,1
3402,3
3403,21
3404,11
3405,14
3406,4
3407,18
3408,12
3409,10
3410,8
3411,14
3412,10
3413,11
3414,10
3415,1
3416,2
3417,11
3418,17
3419,21
3420,7
3421,1
3422,4
3423,5
3424,5
3425,7
3426,18
3427,14
3428,17
3429,12
3430,7
3431,4
3432,6
3433,10
3434,20
3435,12
3436,1
3437,7
3438,16
3439,15
3440,24
3441,7
3442,14
3443,15
3444,2
3445,21
3446,17
3447,24
3448,19
3449,24
3450,3
3451,14
3452,22
3453,16
3454,20
3455,20
3456,7
3457,11
3458,1
3459,15
3460,11
3461,15
3462,22
3463,18
3464,4
3465,8
3466,7
3467,1
3468,7
3469,4
3470,24
3471,17
3472,14
3473,24
3474,14
3475,15
3476,20
3477,13
3478,21
3479,21
3480,6
3481,24
3482,10
3483,4
3484,19
3485,6
3486,13
3487,12
3488,10
3489,3
3490,3
3491,10
3492,12
3493,17
3494,10
3495,1
3496,14
3497,2
3498,23
3499,21
3500,20
3501,8
3502,6
3503,7
3504,11
3505,18
3506,8
3507,21
3508,21
3509,1
3510,4
3511,2
3512,0
3513,22
3514,4
3515,13
3516,24
3517,18
3518,6
3519,15
3520,24
3521,7
3522,1
3523,12
3524,2
3525,8
3526,14
3527,7
3528,24
3529,4
3530,8
3531,17
3532,0
3533,15
3534,18
3535,12
3536,7
3537,6
3538,5
3539,7
3540,10
3541,8
3542,12
3543,24
3544,15
3545,4
3546,23
3547,6
3548,13
3549,5
3550,0
3551,18
3552,11
3553,2
3554,11
3555,4
3556,7
3557,15
3558,4
3559,0
3560,14
3561,3
3562,8
3563,15
3564,4
3565,2
3566,3
3567,21
3568,21
3569,20
3570,4
3571,2
3572,13
3573,15
3574,11
3575,5
3576,18
3577,6
3578,5
3579,23
3580,5
3581,4
3582,21
3583,20
3584,21
3585,23
3586,22
3587,18
3588,1
3589,7
3590,5
3591,2
3592,22
3593,20
3594,12
3595,1
3596,22
3597,24
3598,11
3599,4
3600,3
3601,3
3602,21
3603,14
3604,4
3605,12
3606,4
3607,8
3608,24
3609,7
3610,13
3611,4
3612,8
3613,16
3614,7
3615,13
3616,1
3617,0
3618,19
3619,8
3620,12
3621,4
3622,20
3623,0
3624,4
3625,0
3626,11
3627,18
3628,11
3629,0
3630,20
3631,20
3632,7
3633,6
3634,7
3635,7
3636,7
3637,13
3638,20
3639,10
3640,23
3641,4
3642,1
3643,16
3644,4
3645,21
3646,8
3647,24
3648,24
3649,20
3650,8
3651,15
3652,1
3653,5
3654,17
3655,18
3656,24
3657,8
3658,8
3659,5
3660,3
3661,23
3662,14
3663,3
3664,3
3665,20
3666,1
3667,7
3668,7
3669,6
3670,12
3671,20
3672,22
3673,0
3674,8
3675,24
3676,24
3677,5
3678,22
3679,13
3680,8
3681,8
3682,4
3683,4
3684,24
3685,24
3686,8
3687,6
3688,7
3689,4
3690,4
3691,1
3692,22
3693,8
3694,15
3695,12
3696,24
3697,24
3698,8
3699,10
3700,4
3701,16
3702,12
3703,7
3704,7
3705,1
3706,4
3707,18
3708,13
3709,0
3710,1
3711,4
3712,23
3713,4
3714,21
3715,0
3716,12
3717,13
3718,16
3719,16
3720,1
3721,4
3722,8
3723,4
3724,6
3725,12
3726,5
3727,6
3728,1
3729,15
3730,23
3731,4
3732,14
3733,10
3734,24
3735,3
3736,7
3737,4
3738,23
3739,24
3740,21
3741,15
3742,22
3743,4
3744,19
3745,1
3746,12
3747,24
3748,14
3749,5
3750,7
3751,13
3752,3
3753,1
3754,23
3755,4
3756,1
3757,24
3758,8
3759,14
3760,0
3761,8
3762,23
3763,4
3764,6
3765,13
3766,3
3767,0
3768,0
3769,4
3770,1
3771,0
3772,18
3773,1
3774,6
3775,15
3776,4
3777,2
3778,4
3779,21
3780,24
3781,24
3782,14
3783,12
3784,23
3785,6
3786,6
3787,0
3788,20
3789,5
3790,10
3791,8
3792,12
3793,16
3794,2
3795,1
3796,16
3797,4
3798,2
3799,0
3800,13
3801,15
3802,13
3803,6
3804,4
3805,10
3806,13
3807,21
3808,7
3809,1
3810,8
3811,2
3812,14
3813,0
3814,8
3815,23
3816,11
3817,24
3818,15
3819,4
3820,7
3821,2
3822,0
3823,10
3824,6
3825,10
3826,15
3827,23
3828,10
3829,18
3830,22
3831,12
3832,13
3833,23
3834,12
3835,21
3836,14
3837,20
3838,2
3839,17
3840,7
3841,19
3842,20
3843,15
3844,1
3845,8
3846,4
3847,6
3848,5
3849,7
3850,15
3851,10
3852,19
3853,4
3854,13
3855,22
3856,10
3857,21
3858,3
3859,14
3860,21
3861,0
3862,23
3863,24
3864,14
3865,15
3866,15
3867,15
3868,6
3869,4
3870,8
3871,10
3872,10
3873,5
3874,1
3875,1
3876,6
3877,20
3878,18
3879,21
3880,4
3881,1
3882,20
3883,3
3884,17
3885,6
3886,4
3887,10
3888,21
3889,5
3890,18
3891,7
3892,19
3893,5
3894,3
3895,21
3896,0
3897,6
3898,21
3899,18
3900,24
3901,1
3902,15
3903,16
3904,12
3905,10
3906,14
3907,24
3908,16
3909,2
3910,15
3911,8
3912,6
3913,11
3914,2
3915,15
3916,18
3917,0
3918,10
3919,2
3920,14
3921,7
3922,4
3923,1
3924,13
3925,24
3926,24
3927,13
3928,2
3929,19
3930,20
3931,4
3932,2
3933,1
3934,11
3935,6
3936,3
3937,4
3938,0
3939,1
3940,20
3941,13
3942,4
3943,7
3944,10
3945,12
3946,23
3947,12
3948,4
3949,3
3950,8
3951,23
3952,8
3953,13
3954,16
3955,20
3956,7
3957,20
3958,7
3959,23
3960,24
3961,13
3962,20
3963,15
3964,12
3965,18
3966,23
3967,1
3968,2
3969,19
3970,19
3971,12
3972,17
3973,8
3974,20
3975,3
3976,23
3977,6
3978,1
3979,3
3980,8
3981,14
3982,16
3983,0
3984,3
3985,7
3986,6
3987,22
3988,24
3989,2
3990,21
3991,4
3992,0
3993,18
3994,21
3995,1
3996,21
3997,0
3998,5
3999,2
4000,13
4001,23
4002,4
4003,10
4004,6
4005,8
4006,24
4007,21
4008,2
4009,22
4010,0
4011,17
4012,1
4013,4
4014,3
4015,10
4016,3
4017,19
4018,5
4019,7
4020,1
4021,8
4022,23
4023,21
4024,15
4025,1
4026,12
4027,8
4028,7
4029,8
4030,24
4031,17
4032,18
4033,1
4034,1
4035,3
4036,10
4037,8
4038,19
4039,4
4040,7
4041,17
4042,4
4043,7
4044,6
4045,5
4046,4
4047,7
4048,4
4049,18
4050,18
4051,15
4052,4
4053,7
4054,15
4055,2
4056,2
4057,13
4058,3
4059,5
4060,4
4061,14
4062,21
4063,0
4064,7
4065,23
4066,10
4067,1
4068,11
4069,11
4070,4
4071,13
4072,5
4073,4
4074,1
4075,4
4076,7
4077,7
4078,4
4079,21
4080,22
4081,24
4082,19
4083,18
4084,13
4085,14
4086,2
4087,3
4088,22
4089,13
4090,21
4091,20
4092,24
4093,8
4094,12
4095,12
4096,18
4097,21
4098,22
4099,1
4100,15
4101,15
4102,17
4103,8
4104,0
4105,4
4106,12
4107,0
4108,7
4109,4
4110,12
4111,1
4112,20
4113,22
4114,23
4115,17
4116,0
4117,7
4118,23
4119,8
4120,6
4121,10
4122,10
4123,0
4124,7
4125,2
4126,3
4127,14
4128,1
4129,20
4130,0
4131,8
4132,10
4133,0
4134,6
4135,18
4136,15
4137,2
4138,8
4139,3
4140,23
4141,18
4142,24
4143,17
4144,4
4145,4
4146,8
4147,19
4148,4
4149,10
4150,12
4151,5
4152,14
4153,21
4154,2
4155,10
4156,8
4157,7
4158,21
4159,24
4160,10
4161,6
4162,7
4163,4
4164,10
4165,19
4166,12
4167,3
4168,2
4169,4
4170,12
4171,21
4172,20
4173,15
4174,1
4175,4
4176,14
4177,2
4178,1
4179,8
4180,14
4181,23
4182,14
4183,10
4184,4
4185,2
4186,15
4187,16
4188,14
4189,12
4190,4
4191,4
4192,7
4193,15
4194,8
4195,5
4196,15
4197,0
4198,15
4199,8
4200,24
4201,4
4202,1
4203,2
4204,6
4205,20
4206,0
4207,5
4208,20
4209,8
4210,12
4211,8
4212,2
4213,21
4214,18
4215,24
4216,19
4217,17
4218,19
4219,18
4220,24
4221,7
4222,3
4223,24
4224,5
4225,2
4226,7
4227,10
4228,20
4229,12
4230,21
4231,6
4232,22
4233,6
4234,0
4235,2
4236,18
4237,23
4238,0
4239,12
4240,13
4241,21
4242,2
4243,1
4244,23
4245,19
4246,12
4247,19
4248,13
4249,16
4250,12
4251,4
4252,6
4253,15
4254,3
4255,7
4256,1
4257,7
4258,1
4259,13
4260,21
4261,18
4262,0
4263,3
4264,3
4265,16
4266,12
4267,18
4268,0
4269,12
4270,8
4271,19
4272,20
4273,16
4274,1
4275,10
4276,21
4277,5
4278,20
4279,24
4280,11
4281,8
4282,15
4283,7
4284,2
4285,7
4286,8
4287,12
4288,15
4289,14
4290,22
4291,7
4292,4
4293,4
4294,16
4295,20
4296,24
4297,24
4298,17
4299,20
4300,1
4301,12
4302,2
4303,10
4304,7
4305,23
4306,12
4307,12
4308,4
4309,3
4310,7
4311,22
4312,20
4313,15
4314,11
4315,1
4316,12
4317,11
4318,8
4319,12
4320,5
4321,11
4322,18
4323,1
4324,19
4325,19
4326,8
4327,20
4328,2
4329,19
4330,24
4331,1
4332,10
4333,1
4334,24
4335,7
4336,20
4337,7
4338,6
4339,4
4340,18
4341,7
4342,15
4343,12
4344,7
4345,13
4346,1
4347,10
4348,11
4349,21
4350,8
4351,22
4352,14
4353,13
4354,6
4355,7
4356,15
4357,7
4358,18
4359,14
4360,7
4361,4
4362,8
4363,11
4364,12
4365,4
4366,11
4367,4
4368,3
4369,18
4370,14
4371,6
4372,21
4373,2
4374,13
4375,24
4376,15
4377,23
4378,18
4379,12
4380,24
4381,5
4382,17
4383,4
4384,22
4385,3
4386,13
4387,18
4388,3
4389,23
4390,1
4391,2
4392,7
4393,23
4394,0
4395,3
4396,4
4397,13
4398,21
4399,18
4400,11
4401,3
4402,7
4403,3
4404,5
4405,3
4406,2
4407,24
4408,24
4409,23
4410,10
4411,7
4412,13
4413,4
4414,7
4415,13
4416,18
4417,17
4418,12
4419,6
4420,7
4421,3
4422,7
4423,3
4424,10
4425,15
4426,16
4427,12
4428,1
4429,4
4430,3
4431,1
4432,7
4433,24
4434,15
4435,24
4436,10
4437,6
4438,15
4439,4
4440,7
4441,20
4442,23
4443,7
4444,16
4445,8
4446,19
4447,14
4448,0
4449,2
4450,8
4451,17
4452,2
4453,12
4454,8
4455,6
4456,22
4457,6
4458,6
4459,10
4460,0
4461,20
4462,20
4463,18
4464,0
4465,0
4466,18
4467,7
4468,8
4469,4
4470,19
4471,4
4472,21
4473,20
4474,3
4475,18
4476,24
4477,16
4478,4
4479,16
4480,11
4481,6
4482,7
4483,21
4484,16
4485,7
4486,21
4487,10
4488,12
4489,8
4490,18
4491,21
4492,15
4493,8
4494,13
4495,3
4496,5
4497,0
4498,24
4499,4
4500,7
4501,19
4502,4
4503,0
4504,14
4505,4
4506,0
4507,24
4508,14
4509,20
4510,3
4511,7
4512,2
4513,2
4514,24
4515,10
4516,1
4517,2
4518,18
4519,5
4520,12
4521,15
4522,1
4523,5
4524,7
4525,18
4526,2
4527,13
4528,1
4529,7
4530,7
4531,13
4532,10
4533,2
4534,3
4535,13
4536,20
4537,23
4538,12
4539,5
4540,17
4541,24
4542,20
4543,15
4544,6
4545,15
4546,3
4547,8
4548,12
4549,14
4550,6
4551,18
4552,12
4553,17
4554,18
4555,16
4556,4
4557,12
4558,8
4559,19
4560,16
4561,5
4562,8
4563,6
4564,1
4565,15
4566,22
4567,0
4568,14
4569,14
4570,14
4571,5
4572,1
4573,2
4574,6
4575,21
4576,21
4577,4
4578,0
4579,13
4580,23
4581,4
4582,4
4583,4
4584,8
4585,6
4586,16
4587,16
4588,3
4589,4
4590,22
4591,16
4592,18
4593,8
4594,24
4595,22
4596,5
4597,13
4598,11
4599,8
4600,2
4601,2
4602,19
4603,21
4604,8
4605,1
4606,18
4607,7
4608,18
4609,18
4610,24
4611,13
4612,20
4613,15
4614,15
4615,14
4616,1
4617,24
4618,0
4619,12
4620,15
4621,19
4622,1
4623,2
4624,15
4625,22
4626,12
4627,14
4628,3
4629,15
4630,13
4631,15
4632,7
4633,13
4634,22
4635,21
4636,20
4637,0
4638,17
4639,15
4640,18
4641,4
4642,2
4643,21
4644,7
4645,17
4646,6
4647,18
4648,7
4649,16
4650,3
4651,1
4652,17
4653,5
4654,12
4655,4
4656,4
4657,13
4658,23
4659,21
4660,15
4661,4
4662,7
4663,0
4664,19
4665,17
4666,5
4667,12
4668,5
4669,2
4670,15
4671,4
4672,13
4673,21
4674,16
4675,2
4676,10
4677,23
4678,12
4679,15
4680,7
4681,11
4682,17
4683,3
4684,7
4685,17
4686,22
4687,11
4688,14
4689,17
4690,15
4691,11
4692,3
4693,12
4694,4
4695,1
4696,4
4697,15
4698,15
4699,6
4700,4
4701,3
4702,23
4703,10
4704,16
4705,3
4706,18
4707,4
4708,21
4709,1
4710,1
4711,18
4712,20
4713,1
4714,24
4715,23
4716,2
4717,7
4718,1
4719,10
4720,5
4721,18
4722,10
4723,0
4724,3
4725,20
4726,7
4727,2
4728,4
4729,4
4730,19
4731,1
4732,6
4733,19
4734,10
4735,18
4736,12
4737,10
4738,20
4739,11
4740,16
4741,7
4742,22
4743,20
4744,11
4745,13
4746,2
4747,6
4748,5
4749,4
4750,7
4751,6
4752,7
4753,18
4754,17
4755,3
4756,12
4757,10
4758,4
4759,4
4760,4
4761,21
4762,12
4763,1
4764,0
4765,23
4766,23
4767,10
4768,12
4769,23
4770,15
4771,15
4772,16
4773,3
4774,3
4775,12
4776,4
4777,15
4778,21
4779,1
4780,6
4781,23
4782,3
4783,8
4784,21
4785,13
4786,1
4787,14
4788,6
4789,4
4790,13
4791,21
4792,13
4793,11
4794,8
4795,3
4796,11
4797,4
4798,5
4799,4
4800,24
4801,20
4802,13
4803,4
4804,23
4805,20
4806,5
4807,16
4808,21
4809,1
4810,24
4811,7
4812,21
4813,7
4814,23
4815,18
4816,4
4817,21
4818,3
4819,14
4820,21
4821,5
4822,2
4823,7
4824,10
4825,3
4826,1
4827,3
4828,7
4829,6
4830,12
4831,24
4832,5
4833,14
4834,1
4835,24
4836,13
4837,10
4838,22
4839,8
4840,20
4841,15
4842,19
4843,3
4844,10
4845,16
4846,1
4847,19
4848,15
4849,12
4850,5
4851,16
4852,6
4853,2
4854,10
4855,5
4856,13
4857,24
4858,19
4859,2
4860,18
4861,2
4862,0
4863,12
4864,3
4865,23
4866,7
4867,1
4868,2
4869,0
4870,15
4871,18
4872,3
4873,16
4874,6
4875,0
4876,18
4877,7
4878,16
4879,11
4880,24
4881,10
4882,16
4883,7
4884,14
4885,7
4886,4
4887,15
4888,17
4889,18
4890,18
4891,1
4892,21
4893,23
4894,12
4895,6
4896,1
4897,4
4898,1
4899,5
4900,11
4901,14
4902,0
4903,12
4904,10
4905,5
4906,24
4907,13
4908,8
4909,4
4910,3
4911,8
4912,5
4913,2
4914,0
4915,6
4916,7
4917,4
4918,3
4919,0
4920,20
4921,2
4922,19
4923,6
4924,14
4925,20
4926,1
4927,11
4928,15
4929,10
4930,18
4931,0
4932,4
4933,22
4934,20
4935,15
4936,20
4937,12
4938,0
4939,0
4940,2
4941,11
4942,14
4943,12
4944,16
4945,3
4946,16
4947,7
4948,14
4949,16
4950,7
4951,7
4952,14
4953,2
4954,14
4955,5
4956,3
4957,8
4958,8
4959,15
4960,13
4961,3
4962,20
4963,8
4964,12
4965,18
4966,10
4967,14
4968,21
4969,4
4970,10
4971,22
4972,22
4973,3
4974,8
4975,24
4976,6
4977,17
4978,1
4979,15
4980,20
4981,4
4982,23
4983,7
4984,2
4985,13
4986,19
4987,3
4988,2
4989,4
4990,7
4991,8
4992,11
4993,18
4994,16
4995,3
4996,10
4997,12
4998,3
4999,2
5000,4
5001,1
5002,1
5003,1
5004,24
5005,15
5006,14
5007,13
5008,2
5009,7
5010,23
5011,24
5012,23
5013,3
5014,15
5015,18
5016,7
5017,1
5018,10
5019,18
5020,1
5021,1
5022,22
5023,4
5024,6
5025,23
5026,4
5027,17
5028,2
5029,17
5030,10
5031,12
5032,20
5033,11
5034,21
5035,1
5036,15
5037,1
5038,18
5039,18
5040,5
5041,16
5042,22
5043,24
5044,24
5045,6
5046,8
5047,18
5048,3
5049,16
5050,10
5051,14
5052,22
5053,14
5054,8
5055,4
5056,13
5057,13
5058,7
5059,5
5060,22
5061,23
5062,1
5063,10
5064,15
5065,20
5066,6
5067,5
5068,3
5069,20
5070,10
5071,19
5072,11
5073,3
5074,16
5075,11
5076,0
5077,8
5078,4
5079,7
5080,11
5081,20
5082,24
5083,7
5084,24
5085,6
5086,14
5087,23
5088,4
5089,4
5090,23
5091,20
5092,11
5093,21
5094,19
5095,15
5096,13
5097,13
5098,23
5099,21
5100,4
5101,7
5102,24
5103,15
5104,15
5105,4
5106,23
5107,0
5108,4
5109,16
5110,8
5111,0
5112,20
5113,2
5114,2
5115,7
5116,23
5117,10
5118,6
5119,12
5120,3
5121,16
5122,17
5123,1
5124,1
5125,1
5126,4
5127,17
5128,5
5129,20
5130,4
5131,18
5132,0
5133,21
5134,11
5135,22
5136,5
5137,0
5138,8
5139,2
5140,23
5141,0
5142,18
5143,0
5144,17
5145,0
5146,16
5147,2
5148,6
5149,20
5150,1
5151,20
5152,8
5153,2
5154,3
5155,1
5156,5
5157,6
5158,1
5159,4
5160,4
5161,22
5162,10
5163,4
5164,3
5165,7
5166,11
5167,2
5168,7
5169,1
5170,23
5171,5
5172,5
5173,12
5174,12
5175,8
5176,13
5177,8
5178,23
5179,19
5180,5
5181,14
5182,23
5183,21
5184,4
5185,2
5186,1
5187,13
5188,22
5189,4
5190,3
5191,14
5192,8
5193,7
5194,7
5195,23
5196,7
5197,18
5198,1
5199,15
5200,13
5201,4
5202,14
5203,8
5204,20
5205,11
5206,5
5207,14
5208,7
5209,4
5210,12
5211,2
5212,24
5213,20
5214,15
5215,7
5216,21
5217,0
5218,4
5219,16
5220,15
5221,2
5222,24
5223,22
5224,3
5225,23
5226,2
5227,24
5228,23
5229,20
5230,7
5231,4
5232,21
5233,1
5234,0
5235,4
5236,7
5237,7
5238,6
5239,7
5240,20
5241,11
5242,20
5243,18
5244,6
5245,11
5246,24
5247,24
5248,15
5249,13
5250,19
5251,15
5252,18
5253,1
5254,8
5255,10
5256,4
5257,1
5258,23
5259,4
5260,0
5261,14
5262,23
5263,1
5264,15
5265,1
5266,1
5267,13
5268,14
5269,20
5270,16
5271,3
5272,13
5273,23
5274,16
5275,22
5276,7
5277,16
5278,4
5279,10
5280,18
5281,5
5282,19
5283,12
5284,24
5285,7
5286,5
5287,12
5288,10
5289,10
5290,0
5291,23
5292,5
5293,1
5294,13
5295,22
5296,7
5297,10
5298,1
5299,15
5300,0
5301,11
5302,12
5303,21
5304,22
5305,7
5306,4
5307,20
5308,19
5309,1
5310,10
5311,22
5312,7
5313,11
5314,22
5315,1
5316,11
5317,1
5318,21
5319,4
5320,10
5321,7
5322,4
5323,16
5324,18
5325,7
5326,17
5327,14
5328,24
5329,19
5330,4
5331,23
5332,20
5333,12
5334,13
5335,16
5336,16
5337,7
5338,20
5339,19
5340,20
5341,24
5342,1
5343,23
5344,10
5345,21
5346,14
5347,6
5348,18
5349,1
5350,2
5351,1
5352,7
5353,3
5354,5
5355,10
5356,7
5357,7
5358,13
5359,7
5360,2
5361,4
5362,12
5363,19
5364,23
5365,23
5366,18
5367,7
5368,3
5369,4
5370,16
5371,20
5372,8
5373,7
5374,5
5375,5
5376,4
5377,3
5378,3
5379,23
5380,8
5381,23
5382,20
5383,6
5384,22
5385,15
5386,17
5387,10
5388,22
5389,19
5390,10
5391,18
5392,10
5393,14
5394,10
5395,23
5396,7
5397,24
5398,0
5399,23
5400,7
5401,5
5402,24
5403,14
5404,4
5405,12
5406,21
5407,2
5408,14
5409,20
5410,13
5411,8
5412,20
5413,24
5414,3
5415,5
5416,24
5417,4
5418,10
5419,19
5420,1
5421,13
5422,6
5423,23
5424,6
5425,7
5426,3
5427,4
5428,10
5429,1
5430,7
5431,11
5432,4
5433,4
5434,4
5435,3
5436,20
5437,6
5438,24
5439,15
5440,3
5441,5
5442,2
5443,21
5444,0
5445,18
5446,16
5447,14
5448,7
5449,20
5450,19
5451,6
5452,12
5453,0
5454,12
5455,1
5456,0
5457,3
5458,17
5459,21
5460,7
5461,19
5462,5
5463,0
5464,8
5465,2
5466,18
5467,23
5468,14
5469,1
5470,19
5471,5
5472,24
5473,7
5474,4
5475,2
5476,6
5477,16
5478,5
5479,15
5480,12
5481,10
5482,14
5483,0
5484,14
5485,12
5486,4
5487,1
5488,18
5489,15
5490,17
5491,15
5492,14
5493,12
5494,6
5495,1
5496,18
5497,3
5498,4
5499,7
5500,11
5501,21
5502,4
5503,12
5504,24
5505,20
5506,15
5507,19
5508,0
5509,24
5510,12
5511,12
5512,3
5513,15
5514,12
5515,24
5516,8
5517,1
5518,24
5519,23
5520,20
5521,1
5522,10
5523,1
5524,4
5525,8
5526,23
5527,10
5528,22
5529,24
5530,0
5531,12
5532,11
5533,12
5534,12
5535,1
5536,19
5537,3
5538,2
5539,23
5540,12
5541,2
5542,12
5543,23
5544,1
5545,4
5546,7
5547,23
5548,3
5549,3
5550,10
5551,22
5552,1
5553,11
5554,18
5555,11
5556,1
5557,7
5558,21
5559,7
5560,12
5561,4
5562,15
5563,23
5564,18
5565,22
5566,1
5567,16
5568,13
5569,1
5570,18
5571,17
5572,0
5573,2
5574,20
5575,1
5576,15
5577,4
5578,15
5579,1
5580,5
5581,4
5582,1
5583,12
5584,18
5585,21
5586,7
5587,22
5588,4
5589,12
5590,0
5591,24
5592,21
5593,0
5594,10
5595,12
5596,16
5597,22
5598,4
5599,24
5600,1
5601,1
5602,4
5603,7
5604,21
5605,16
5606,0
5607,4
5608,1
5609,4
5610,12
5611,2
5612,12
5613,21
5614,24
5615,24
5616,18
5617,12
5618,8
5619,5
5620,10
5621,17
5622,12
5623,8
5624,23
5625,24
5626,19
5627,13
5628,10
5629,16
5630,5
5631,3
5632,0
5633,1
5634,12
5635,12
5636,24
5637,2
5638,7
5639,1
5640,15
5641,7
5642,13
5643,12
5644,24
5645,7
5646,24
5647,10
5648,21
5649,23
5650,16
5651,0
5652,10
5653,2
5654,2
5655,7
5656,13
5657,21
5658,4
5659,15
5660,3
5661,12
5662,3
5663,4
5664,18
5665,15
5666,2
5667,10
5668,23
5669,4
5670,12
5671,21
5672,16
5673,21
5674,16
5675,12
5676,23
5677,1
5678,8
5679,15
5680,20
5681,11
5682,22
5683,22
5684,10
5685,18
5686,18
5687,20
5688,0
5689,0
5690,5
5691,2
5692,18
5693,10
5694,7
5695,1
5696,0
5697,0
5698,2
5699,13
5700,18
5701,23
5702,18
5703,10
5704,24
5705,10
5706,20
5707,12
5708,5
5709,12
5710,1
5711,20
5712,0
5713,15
5714,22
5715,17
5716,22
5717,1
5718,14
5719,21
5720,5
5721,23
5722,0
5723,12
5724,21
5725,18
5726,24
5727,5
5728,21
5729,7
5730,7
5731,4
5732,13
5733,4
5734,4
5735,20
5736,1
5737,7
5738,1
5739,24
5740,7
5741,2
5742,4
5743,21
5744,2
5745,11
5746,1
5747,8
5748,24
5749,17
5750,12
5751,1
5752,13
5753,18
5754,0
5755,2
5756,1
5757,0
5758,21
5759,20
5760,4
5761,24
5762,15
5763,2
5764,2
5765,11
5766,19
5767,4
5768,4
5769,2
5770,1
5771,20
5772,23
5773,3
5774,24
5775,19
5776,0
5777,5
5778,0
5779,12
5780,21
5781,1
5782,20
5783,6
5784,5
5785,15
5786,4
5787,3
5788,16
5789,5
5790,12
5791,19
5792,13
5793,21
5794,11
5795,10
5796,5
5797,19
5798,0
5799,6
5800,0
5801,10
5802,19
5803,24
5804,15
5805,4
5806,12
5807,19
5808,11
5809,18
5810,1
5811,13
5812,12
5813,13
5814,24
5815,0
5816,13
5817,0
5818,15
5819,4
5820,1
5821,10
5822,6
5823,23
5824,4
5825,1
5826,4
5827,18
5828,0
5829,11
5830,23
5831,15
5832,1
5833,11
5834,12
5835,13
5836,10
5837,22
5838,17
5839,4
5840,4
5841,5
5842,20
5843,14
5844,0
5845,5
5846,7
5847,7
5848,12
5849,4
5850,11
5851,7
5852,12
5853,1
5854,13
5855,12
5856,1
5857,5
5858,10
5859,14
5860,18
5861,4
5862,15
5863,24
5864,5
5865,4
5866,5
5867,18
5868,24
5869,11
5870,11
5871,24
5872,1
5873,4
5874,4
5875,7
5876,16
5877,16
5878,11
5879,1
5880,5
5881,20
5882,23
5883,7
5884,1
5885,7
5886,12
5887,6
5888,11
5889,6
5890,12
5891,1
5892,15
5893,10
5894,0
5895,4
5896,0
5897,8
5898,20
5899,7
5900,7
5901,4
5902,12
5903,3
5904,24
5905,4
5906,15
5907,0
5908,16
5909,22
5910,4
5911,11
5912,21
5913,13
5914,5
5915,0
5916,7
5917,12
5918,14
5919,10
5920,6
5921,6
5922,24
5923,17
5924,12
5925,5
5926,15
5927,12
5928,18
5929,13
5930,3
5931,5
5932,17
5933,5
5934,14
5935,12
5936,15
5937,20
5938,3
5939,13
5940,12
5941,1
5942,15
5943,14
5944,22
5945,15
5946,7
5947,20
5948,1
5949,4
5950,1
5951,7
5952,4
5953,4
5954,4
5955,11
5956,24
5957,4
5958,11
5959,17
5960,0
5961,3
5962,22
5963,23
5964,13
5965,7
5966,4
5967,5
5968,1
5969,15
5970,4
5971,24
5972,4
5973,15
5974,0
5975,8
5976,6
5977,10
5978,7
5979,5
5980,6
5981,0
5982,14
5983,24
5984,4
5985,16
5986,24
5987,0
5988,24
5989,24
5990,13
5991,24
5992,4
5993,4
5994,8
5995,10
5996,0
5997,0
5998,15
5999,12
6000,17
6001,19
6002,18
6003,2
6004,18
6005,20
6006,7
6007,20
6008,2
6009,0
6010,2
6011,10
6012,5
6013,4
6014,14
6015,21
6016,22
6017,20
6018,2
6019,11
6020,21
6021,8
6022,12
6023,4
6024,11
6025,19
6026,13
6027,12
6028,15
6029,2
6030,16
6031,4
6032,3
6033,14
6034,15
6035,5
6036,7
6037,14
6038,24
6039,8
6040,5
6041,8
6042,2
6043,7
6044,10
6045,18
6046,17
6047,8
6048,3
6049,4
6050,6
6051,0
6052,13
6053,13
6054,15
6055,11
6056,15
6057,12
6058,24
6059,16
6060,8
6061,1
6062,2
6063,17
6064,5
6065,24
6066,23
6067,0
6068,12
6069,5
6070,12
6071,19
6072,10
6073,24
6074,8
6075,16
6076,13
6077,4
6078,20
6079,4
6080,3
6081,7
6082,4
6083,18
6084,1
6085,3
6086,12
6087,10
6088,18
6089,6
6090,0
6091,13
6092,12
6093,14
6094,15
6095,7
6096,10
6097,14
6098,2
6099,11
6100,14
6101,22
6102,6
6103,8
6104,7
6105,18
6106,10
6107,0
6108,20
6109,8
6110,22
6111,3
6112,20
6113,18
6114,2
6115,3
6116,16
6117,21
6118,15
6119,5
6120,7
6121,12
6122,15
6123,7
6124,7
6125,3
6126,4
6127,24
6128,24
6129,19
6130,7
6131,24
6132,5
6133,11
6134,21
6135,1
6136,15
6137,11
6138,24
6139,10
6140,10
6141,5
6142,13
6143,6
6144,15
6145,0
6146,22
6147,15
6148,11
6149,7
6150,15
6151,8
6152,12
6153,24
6154,4
6155,15
6156,22
6157,0
6158,11
6159,20
6160,4
6161,13
6162,14
6163,11
6164,12
6165,5
6166,14
6167,7
6168,15
6169,22
6170,20
6171,19
6172,3
6173,23
6174,7
6175,0
6176,8
6177,4
6178,0
6179,20
6180,15
6181,4
6182,20
6183,18
6184,19
6185,5
6186,19
6187,22
6188,10
6189,6
6190,16
6191,22
6192,4
6193,19
6194,0
6195,7
6196,11
6197,11
6198,3
6199,22
6200,15
6201,8
6202,0
6203,24
6204,13
6205,5
6206,15
6207,24
6208,1
6209,13
6210,21
6211,20
6212,24
6213,13
6214,4
6215,4
6216,7
6217,23
6218,1
6219,18
6220,3
6221,7
6222,15
6223,0
6224,23
6225,3
6226,5
6227,15
6228,13
6229,21
6230,8
6231,24
6232,19
6233,17
6234,4
6235,4
6236,7
6237,4
6238,7
6239,2
6240,1
6241,10
6242,23
6243,7
6244,2
6245,4
6246,0
6247,4
6248,7
6249,10
6250,18
6251,10
6252,0
6253,2
6254,5
6255,12
6256,8
6257,1
6258,14
6259,14
6260,7
6261,17
6262,18
6263,15
6264,24
6265,0
6266,1
6267,14
6268,23
6269,23
6270,10
6271,21
6272,1
6273,14
6274,11
6275,13
6276,2
6277,24
6278,4
6279,8
6280,10
6281,0
6282,7
6283,11
6284,4
6285,14
6286,6
6287,20
6288,22
6289,2
6290,4
6291,21
6292,19
6293,6
6294,16
6295,16
6296,20
6297,8
6298,19
6299,1
6300,1
6301,23
6302,19
6303,1
6304,22
6305,4
6306,7
6307,3
6308,24
6309,4
6310,4
6311,23
6312,13
6313,14
6314,7
6315,1
6316,15
6317,14
6318,7
6319,22
6320,1
6321,15
6322,1
6323,7
6324,1
6325,24
6326,12
6327,24
6328,11
6329,6
6330,4
6331,11
6332,20
6333,4
6334,15
6335,15
6336,1
6337,22
6338,1
6339,23
6340,11
6341,20
6342,2
6343,5
6344,20
6345,5
6346,7
6347,21
6348,1
6349,3
6350,20
6351,24
6352,10
6353,2
6354,7
6355,23
6356,15
6357,3
6358,4
6359,3
6360,6
6361,3
6362,15
6363,8
6364,8
6365,21
6366,12
6367,0
6368,16
6369,13
6370,14
6371,12
6372,8
6373,1
6374,6
6375,11
6376,16
6377,23
6378,4
6379,19
6380,15
6381,12
6382,10
6383,5
6384,4
6385,11
6386,5
6387,14
6388,7
6389,20
6390,3
6391,5
6392,10
6393,20
6394,18
6395,1
6396,2
6397,18
6398,18
6399,8
6400,1
6401,20
6402,12
6403,8
6404,23
6405,7
6406,22
6407,7
6408,22
6409,23
6410,16
6411,11
6412,0
6413,10
6414,10
6415,5
6416,7
6417,1
6418,1
6419,11
6420,6
6421,4
6422,1
6423,20
6424,14
6425,13
6426,4
6427,16
6428,1
6429,20
6430,1
6431,11
6432,4
6433,6
6434,23
6435,0
6436,3
6437,21
6438,12
6439,13
6440,10
6441,13
6442,7
6443,2
6444,10
6445,22
6446,18
6447,15
6448,11
6449,16
6450,24
6451,13
6452,13
6453,23
6454,23
6455,4
6456,10
6457,7
6458,7
6459,23
6460,2
6461,13
6462,4
6463,0
6464,1
6465,7
6466,6
6467,12
6468,3
6469,1
6470,5
6471,0
6472,14
6473,13
6474,20
6475,10
6476,2
6477,18
6478,15
6479,5
6480,3
6481,11
6482,1
6483,3
6484,4
6485,10
6486,11
6487,12
6488,7
6489,6
6490,2
6491,6
6492,0
6493,8
6494,24
6495,15
6496,0
6497,16
6498,4
6499,1
6500,0
6501,14
6502,14
6503,15
6504,1
6505,6
6506,10
6507,15
6508,24
6509,6
6510,3
6511,22
6512,4
6513,3
6514,20
6515,21
6516,13
6517,4
6518,14
6519,3
6520,15
6521,15
6522,1
6523,12
6524,24
6525,16
6526,20
6527,16
6528,7
6529,13
6530,22
6531,5
6532,15
6533,22
6534,23
6535,4
6536,8
6537,7
6538,24
6539,7
6540,19
6541,1
6542,12
6543,20
6544,13
6545,24
6546,12
6547,8
6548,7
6549,17
6550,2
6551,2
6552,18
6553,1
6554,22
6555,6
6556,21
6557,21
6558,14
6559,4
6560,24
6561,7
6562,2
6563,7
6564,1
6565,12
6566,20
6567,15
6568,1
6569,16
6570,2
6571,24
6572,18
6573,23
6574,21
6575,6
6576,23
6577,0
6578,0
6579,16
6580,14
6581,0
6582,11
6583,23
6584,2
6585,12
6586,11
6587,6
6588,3
6589,6
6590,4
6591,10
6592,4
6593,15
6594,6
6595,7
6596,12
6597,11
6598,13
6599,20
6600,5
6601,3
6602,21
6603,4
6604,16
6605,23
6606,13
6607,2
6608,10
6609,7
6610,18
6611,14
6612,8
6613,2
6614,16
6615,16
6616,22
6617,20
6618,12
6619,10
6620,19
6621,23
6622,15
6623,1
6624,21
6625,12
6626,4
6627,20
6628,2
6629,15
6630,21
6631,0
6632,18
6633,10
6634,5
6635,1
6636,4
6637,1
6638,4
6639,10
6640,24
6641,0
6642,4
6643,12
6644,10
6645,21
6646,24
6647,15
6648,21
6649,21
6650,22
6651,10
6652,8
6653,8
6654,10
6655,2
6656,8
6657,20
6658,15
6659,4
6660,7
6661,6
6662,24
6663,22
6664,18
6665,12
6666,21
6667,14
6668,11
6669,16
6670,22
6671,11
6672,15
6673,5
6674,2
6675,24
6676,6
6677,5
6678,4
6679,1
6680,2
6681,21
6682,8
6683,0
6684,7
6685,4
6686,18
6687,23
6688,1
6689,20
6690,18
6691,3
6692,5
6693,6
6694,1
6695,13
6696,10
6697,18
6698,12
6699,0
6700,7
6701,14
6702,2
6703,24
6704,0
6705,8
6706,4
6707,4
6708,7
6709,19
6710,6
6711,24
6712,23
6713,21
6714,21
6715,5
6716,19
6717,1
6718,2
6719,0
6720,10
6721,0
6722,18
6723,8
6724,15
6725,7
6726,1
6727,2
6728,4
6729,21
6730,15
6731,16
6732,22
6733,8
6734,0
6735,23
6736,16
6737,15
6738,22
6739,2
6740,14
6741,6
6742,11
6743,7
6744,3
6745,24
6746,6
6747,12
6748,15
6749,11
6750,21
6751,23
6752,10
6753,4
6754,16
6755,3
6756,2
6757,4
6758,0
6759,20
6760,11
6761,6
6762,14
6763,1
6764,5
6765,4
6766,20
6767,14
6768,6
6769,0
6770,22
6771,20
6772,2
6773,2
6774,22
6775,4
6776,13
6777,0
6778,10
6779,11
6780,15
6781,12
6782,0
6783,0
6784,4
6785,13
6786,16
6787,6
6788,20
6789,5
6790,7
6791,3
6792,18
6793,12
6794,12
6795,24
6796,21
6797,4
6798,24
6799,0
6800,13
6801,12
6802,18
6803,13
6804,8
6805,23
6806,18
6807,10
6808,3
6809,21
6810,16
6811,7
6812,24
6813,14
6814,24
6815,15
6816,2
6817,11
6818,20
6819,24
6820,22
6821,8
6822,0
6823,16
6824,8
6825,1
6826,8
6827,1
6828,3
6829,10
6830,22
6831,14
6832,15
6833,1
6834,1
6835,21
6836,0
6837,10
6838,16
6839,5
6840,14
6841,6
6842,15
6843,0
6844,20
6845,13
6846,15
6847,10
6848,24
6849,7
6850,5
6851,15
6852,4
6853,24
6854,11
6855,4
6856,2
6857,21
6858,5
6859,12
6860,6
6861,23
6862,24
6863,3
6864,21
6865,7
6866,10
6867,15
6868,3
6869,6
6870,1
6871,0
6872,12
6873,0
6874,10
6875,2
6876,7
6877,13
6878,15
6879,4
6880,17
6881,8
6882,3
6883,23
6884,7
6885,14
6886,20
6887,13
6888,19
6889,17
6890,3
6891,24
6892,4
6893,11
6894,11
6895,7
6896,20
6897,4
6898,15
6899,15
6900,21
6901,18
6902,13
6903,2
6904,7
6905,13
6906,4
6907,7
6908,15
6909,7
6910,24
6911,18
6912,15
6913,19
6914,15
6915,18
6916,14
6917,4
6918,18
6919,21
6920,15
6921,10
6922,2
6923,24
6924,15
6925,11
6926,3
6927,6
6928,11
6929,4
6930,7
6931,3
6932,24
6933,0
6934,1
6935,4
6936,11
6937,2
6938,0
6939,0
6940,17
6941,21
6942,4
6943,3
6944,8
6945,4
6946,1
6947,6
6948,8
6949,3
6950,16
6951,7
6952,7
6953,2
6954,14
6955,15
6956,3
6957,15
6958,16
6959,2
6960,0
6961,20
6962,6
6963,4
6964,24
6965,15
6966,21
6967,4
6968,24
6969,8
6970,24
6971,5
6972,1
6973,13
6974,7
6975,15
6976,17
6977,15
6978,13
6979,7
6980,13
6981,10
6982,23
6983,8
6984,10
6985,3
6986,21
6987,7
6988,0
6989,4
6990,0
6991,0
6992,24
6993,11
6994,7
6995,10
6996,6
6997,5
6998,21
6999,0
7000,14
7001,12
7002,4
7003,18
7004,16
7005,7
7006,4
7007,15
7008,19
7009,1
7010,12
7011,8
7012,23
7013,21
7014,7
7015,12
7016,3
7017,19
7018,24
7019,10
7020,4
7021,14
7022,8
7023,4
7024,1
7025,12
7026,2
7027,4
7028,2
